,Plant Code,Botanical Name,Common Name,Plant Type,Water Needs,Climate Zones,Light Needs,Soil Type,Soil Additional,Maintenance,Image_Url
9,ABEPAL,Abelmoschus manihot 'Red Vein Palm Leaf',Palm Leaf Abika,Vegetable,1400 to 2000mm,"Humid Tropical,Humid Subtropical",Sun,Loam,High organic matter,High,https://upload.wikimedia.org/wikipedia/commons/2/23/Abelmoschus_manihot_05.jpg
10,ABEMOS,Abelmoschus moschatus subsp. Tuberosus,Musk Mallow,Shrub,1400 to 2000mm,"Humid Tropical,Humid Subtropical",Sun,"Sand,Loam,Clay",,Medium,https://upload.wikimedia.org/wikipedia/commons/7/71/Abelmoschus_Moschatus_Flower_20220925_094700.jpg
11,ABEMIS,Abelmoschus rugosus 'Mischief',Rose Musk Mallow,Shrub,1400 to 2000mm,"Humid Tropical,Humid Subtropical",Sun,"Sand,Loam,Clay",,Medium,https://upload.wikimedia.org/wikipedia/commons/a/a4/Musk_Mallow_%28Malva_moschata%29_-_flower_-_geograph.org.uk_-_929846.jpg
12,ABEEVE,Abelmoschus rugosus 'Evergreen',Rose Musk Mallow,Shrub,1400 to 2000mm,"Humid Tropical,Humid Subtropical",Sun,"Sand,Loam,Clay",,Medium,https://upload.wikimedia.org/wikipedia/commons/d/d9/Roses_tr%C3%A9mi%C3%A8res_saumon_doubles.jpg
34,ACAFID,Acacia fimbriata 'Dwarf',Dwarf Brisbane Wattle,Shrub,900 to 1400mm,"Humid Subtropical,Dry Subtropical,Temperate",Sun,"Sand,Loam,Clay",Well drained,High,https://upload.wikimedia.org/wikipedia/commons/1/14/Acacia_fimbriata_02.jpg
42,ACALIT,Acacia pravissima 'Little Nugget',Little Nugget,Shrub,300 to 600mm,"Dry Subtropical,Temperate",Sun,"Sand,Loam,Clay",,Medium,https://upload.wikimedia.org/wikipedia/commons/5/5b/Acacia_pravissima_%285055339551%29.jpg
44,ACASOP,Acacia longifolia subsp. sophorae,Beach Wattle,Shrub,600 to 900mm,"Humid Subtropical,Dry Subtropical,Temperate",Sun,"Sand,Loam,Clay",Well drained,High,https://upload.wikimedia.org/wikipedia/commons/6/60/Acacia-longifolia-branch.jpg
45,ACACAL,Acalypha callipes,Native Acalypha,Shrub,1400 to 2000mm,"Humid Subtropical,Temperate","Sun,Semi-shade",Loam,,Low,https://upload.wikimedia.org/wikipedia/commons/c/c0/Acalypha_rhomboidea_15-p.bot-acal.rhom-046.jpg
50,ACALYS,Acalypha lyonsii,Waterfall Acalypha,Shrub,2000 to 2500mm,"Humid Tropical,Humid Subtropical","Sun,Semi-shade",Loam,,Medium,https://upload.wikimedia.org/wikipedia/commons/e/e8/Acalypha-lyonsii-SF24009-05.jpg
54,ACABRO,Acalypha wilkesiana 'Bronze',Bronze Fijian Fireplant,Shrub,600 to 900mm,"Humid Tropical,Humid Subtropical","Sun,Semi-shade","Sand,Loam,Clay",,Low,https://upload.wikimedia.org/wikipedia/commons/c/c0/Acalypha_wilkesiana_macafeana-yercaud-salem-India.JPG
55,ACAGOL,Acalypha wilkesiana 'Green and Gold',Yellow Acalypha,Shrub,600 to 900mm,"Humid Tropical,Humid Subtropical","Sun,Semi-shade","Sand,Loam,Clay",,Low,https://upload.wikimedia.org/wikipedia/commons/f/fd/Copperleaf_%28323895441%29.jpg
56,ACAMAR,Acalypha wilkesiana 'Marginata',Fijian Fireplant,Shrub,600 to 900mm,"Humid Tropical,Humid Subtropical","Sun,Semi-shade","Sand,Loam,Clay",,Low,https://upload.wikimedia.org/wikipedia/commons/a/ab/Acalypha_wilkesiana_A.jpg
57,ACACAM,Acalypha wilkesiana 'Camouflage',Camouflage Fire Plant,Shrub,600 to 900mm,"Humid Tropical,Humid Subtropical","Sun,Semi-shade","Sand,Loam,Clay",,Low,https://upload.wikimedia.org/wikipedia/commons/9/9a/Lilium_bulbiferum_var._bulbiferum_01.JPG
58,ACACAN,Acalypha wilkesiana 'Candyman',Fire Plant,Shrub,600 to 900mm,"Humid Tropical,Humid Subtropical","Sun,Semi-shade","Sand,Loam,Clay",,Low,https://upload.wikimedia.org/wikipedia/commons/9/9a/Lilium_bulbiferum_var._bulbiferum_01.JPG
59,ACACHE,Acalypha wilkesiana 'Cheryl's Choice',Cheryl's Fire Plant,Shrub,600 to 900mm,"Humid Tropical,Humid Subtropical","Sun,Semi-shade","Sand,Loam,Clay",,Low,https://upload.wikimedia.org/wikipedia/commons/6/6d/Fire_Plant_%28121706213%29.jpeg
60,ACAWIC,Acalypha wilkesiana 'Compacta',Compact Fire Plant,Shrub,600 to 900mm,"Humid Tropical,Humid Subtropical","Sun,Semi-shade","Sand,Loam,Clay",,Low,https://upload.wikimedia.org/wikipedia/commons/6/6d/Fire_Plant_%28121706213%29.jpeg
61,ACAFIR,Acalypha wilkesiana 'Firestorm',Fire Plant,Shrub,600 to 900mm,"Humid Tropical,Humid Subtropical","Sun,Semi-shade","Sand,Loam,Clay",,Low,https://upload.wikimedia.org/wikipedia/commons/c/c8/Acalypha_wilkesiana%2C_Conservatorio_bot%C3%A1nico%2C_Fort_Wayne%2C_Indiana%2C_Estados_Unidos%2C_2012-11-12%2C_DD_01.jpg
62,ACAGOD,Acalypha wilkesiana 'Godseffiana',Narrow Fijian Fire Plant,Shrub,600 to 900mm,"Humid Tropical,Humid Subtropical","Sun,Semi-shade","Sand,Loam,Clay",,Low,https://upload.wikimedia.org/wikipedia/commons/6/62/Starr-150326-0758-Acalypha_wilkesiana-flowers-Town_Sand_Island-Midway_Atoll_%2824897430019%29.jpg
63,ACAINF,Acalypha wilkesiana 'Inferno',Inferno,Shrub,600 to 900mm,"Humid Tropical,Humid Subtropical","Sun,Semi-shade","Sand,Loam,Clay",,Low,https://upload.wikimedia.org/wikipedia/commons/3/3e/Acalypha_wilkesiana_%27Kona_Coast%27_kz01.jpg
64,ACAJAV,Acalypha wilkesiana 'Java White',Yellow Fire Plant,Shrub,600 to 900mm,"Humid Tropical,Humid Subtropical","Sun,Semi-shade","Sand,Loam,Clay",,Low,https://upload.wikimedia.org/wikipedia/commons/b/b3/Acalypha_wilkesiana_java_white-1-yercaud-salem-India.JPG
65,ACAWIM,Acalypha wilkesiana 'Macfeeana',MacFee's Fire Plant,Shrub,600 to 900mm,"Humid Tropical,Humid Subtropical","Sun,Semi-shade","Sand,Loam,Clay",,Low,https://upload.wikimedia.org/wikipedia/commons/a/a4/Acalypha_wilkesiana_%E2%80%98Mooreana%E2%80%99_detail.jpg
66,ACAPIN,Acalypha wilkesiana 'Pink',Pink Fire Plant,Shrub,600 to 900mm,"Humid Tropical,Humid Subtropical","Sun,Semi-shade","Sand,Loam,Clay",,Low,https://upload.wikimedia.org/wikipedia/commons/f/fa/Acalypha_wilkesiana_%27Pink_Picotee%27_kz02.jpg
67,ACARAG,Acalypha wilkesiana 'Raggedy Ann',Frilled Fire Plant,Shrub,600 to 900mm,"Humid Tropical,Humid Subtropical","Sun,Semi-shade","Sand,Loam,Clay",,Low,https://upload.wikimedia.org/wikipedia/commons/4/4d/Acalypha_wilkesiana_forma_circinata.jpg
68,ACASPI,Acalypha wilkesiana 'Spitfire',Fire Plant,Shrub,600 to 900mm,"Humid Tropical,Humid Subtropical","Sun,Semi-shade","Sand,Loam,Clay",,Low,https://upload.wikimedia.org/wikipedia/commons/6/66/Acalypha_wilkesiana_-_Copperleaf_green_at_Wayanad_%282%29.jpg
69,ACASUN,Acalypha wilkesiana 'Sunset Hue',Fire Plant,Shrub,600 to 900mm,"Humid Tropical,Humid Subtropical","Sun,Semi-shade","Sand,Loam,Clay",,Low,https://upload.wikimedia.org/wikipedia/commons/d/d6/Acalypha_wilkesiana_Macafeeana_3zz.jpg
70,ACATRE,Acalypha wilkesiana 'Trendy',Fire Plant,Shrub,600 to 900mm,"Humid Tropical,Humid Subtropical","Sun,Semi-shade","Sand,Loam,Clay",,Low,https://upload.wikimedia.org/wikipedia/commons/5/51/Acalypha_wilkesiana_%27Pink_Picotee%27_kz01.jpg
83,ACMMIN,Acmena smithii 'Minipilly',Mini Lillypilly,Shrub,1400 to 2000mm,"Humid Tropical,Humid Subtropical,Dry Subtropical,Temperate",Sun,Loam,,Low,https://upload.wikimedia.org/wikipedia/commons/d/da/Syzygium_smithii_kz01.jpg
84,ACMALL,Acmena smithii 'Allyn Magic',Allyn Magic Lillypilly,Shrub,1400 to 2000mm,"Humid Tropical,Humid Subtropical,Dry Subtropical,Temperate",Sun,Loam,,Low,https://upload.wikimedia.org/wikipedia/commons/5/5a/Syzygium_smithii.jpg
172,AGAMEI,Paphia meiniana,Agapetes,Shrub,2000 to 2500mm,"Humid Subtropical,Dry Subtropical,Temperate",Semi-shade,Loam,Well drained,Medium,https://upload.wikimedia.org/wikipedia/commons/3/30/Paphia_meiniana_315881486.jpg
244,ALCSPI,Alchornea spinosa,Native Holly,Shrub,900 to 1400mm,"Humid Tropical,Humid Subtropical","Sun,Semi-shade","Loam,Clay",,Low,https://upload.wikimedia.org/wikipedia/commons/5/5e/Alchornea_ilicifolia_flowers.jpg
396,ALYHUE,Alyogyne huegelii,Lilac Hibiscus,Shrub,300 to 600mm,"Dry Subtropical,Temperate",Sun,"Sand,Loam",Well drained,Medium,https://upload.wikimedia.org/wikipedia/commons/6/6f/Alyogyne_huegelii.JPG
397,ALYRUS,Alyxia ruscifolia,Native Broom,Shrub,600 to 900mm,"Humid Subtropical,Temperate","Sun,Semi-shade","Sand,Loam,Clay",Well drained,Medium,https://upload.wikimedia.org/wikipedia/commons/6/6f/Alyxia_ruscifolia_foliage_and_fruit.jpg
472,ANTPAR,Antidesma parvifolium,Currant Bush,Shrub,600 to 900mm,"Humid Tropical,Humid Subtropical",Sun,Loam,,Low,https://upload.wikimedia.org/wikipedia/commons/3/30/Carissa_spinarum_%28edulis%29_1DS-II_1061.jpg
548,ATRSIL,Atriplex sp. 'Silver',Silver Saltbush,Shrub,300 to 600mm,Dry Subtropical,Sun,"Sand,Loam,Clay",Well drained,Low,https://upload.wikimedia.org/wikipedia/commons/6/69/Atriplex_sp_habitus.jpeg
574,ASTFAS,Astartea fascicularis,Dainty Astartea,Shrub,600 to 900mm,Temperate,Sun,"Sand,Loam",,Medium,https://upload.wikimedia.org/wikipedia/commons/a/a6/Astartea_fascicularis_7709.jpg
580,ATRCHA,Atractocarpus chartaceus,Native Gardenia,Shrub,1400 to 2000mm,"Humid Tropical,Humid Subtropical,Temperate",Semi-shade,Loam,,Low,https://upload.wikimedia.org/wikipedia/commons/4/48/Atractocarpus_chartaceus_02.jpg
581,ATRFIT,Atractocarpus fitzalanii,Native Gardenia,Shrub,600 to 900mm,"Humid Tropical,Humid Subtropical,Dry Subtropical,Temperate","Sun,Semi-shade",Loam,,Low,https://upload.wikimedia.org/wikipedia/commons/3/3c/Atractocarpus_fitzalanii.jpg
588,AUSAUR,Austromyrtus 'Aurora',Aurora,Shrub,900 to 1400mm,"Humid Tropical,Dry Tropical,Humid Subtropical,Dry Subtropical,Temperate",Sun,Loam,Well drained,Low,https://upload.wikimedia.org/wikipedia/commons/f/f7/Dahlia_%27Wanda%27s_Aurora%27_Dalia_2021-09-18_02.jpg
590,AUSCOP,Austromyrtus 'Copper Tops',Copper Tops,Shrub,900 to 1400mm,"Humid Tropical,Dry Tropical,Humid Subtropical,Dry Subtropical,Temperate",Sun,Loam,Well drained,Low,https://upload.wikimedia.org/wikipedia/commons/2/22/Austromyrtus_tenuifolia_IMG_5965.jpg
591,AUSDUL,Austromyrtus dulcis,Midjim Berry,Shrub,900 to 1400mm,"Humid Tropical,Dry Tropical,Humid Subtropical,Dry Subtropical,Temperate","Sun,Semi-shade",Loam,Well drained,Low,https://upload.wikimedia.org/wikipedia/commons/f/f3/Austromyrtus_dulcis_fruit1.JPG
592,AUSFRA,Gossia fragrantissima,Fragrant Austromyrtus,Shrub,900 to 1400mm,"Humid Tropical,Dry Tropical,Humid Subtropical,Dry Subtropical,Temperate",Sun,Loam,,Low,https://upload.wikimedia.org/wikipedia/commons/d/de/Gossia_fragrantissima_Coffs.jpg
593,AUSBLU,Gossia inophloia 'Blushing Beauty',Red-leaf Austromyrtus,Shrub,900 to 1400mm,"Humid Tropical,Dry Tropical,Humid Subtropical,Dry Subtropical,Temperate",Sun,Loam,Well drained,Low,https://upload.wikimedia.org/wikipedia/commons/d/d7/Austromyrtus_dulcis_0zz.jpg
594,AUSLAS,Lenwebbia lasioclada,Velvet Myrtle,Shrub,900 to 1400mm,"Humid Tropical,Dry Tropical,Humid Subtropical,Dry Subtropical,Temperate",Sun,Loam,Well drained,Low,https://upload.wikimedia.org/wikipedia/commons/f/fa/Cincinnati_%E2%80%93_Spring_Grove_Cemetery_%26_Arboretum_%E2%80%9CRoyal_Velvet_Crape_Myrtle%E2%80%9D_%2827933122293%29.jpg
605,BABHOW,Sannantha virgata 'Howies Feather Tips',Howies Twiggy Heath Myrtle,Shrub,900 to 1400mm,"Humid Tropical,Dry Tropical,Humid Subtropical,Dry Subtropical,Temperate",Sun,Loam,Well drained,Low,https://upload.wikimedia.org/wikipedia/commons/2/26/Sannantha_virgata_kz02.jpg
606,BABLAP,Sannantha virgata 'La Petite',Petite Twiggy Heath Myrtle,Shrub,900 to 1400mm,"Humid Tropical,Dry Tropical,Humid Subtropical,Dry Subtropical,Temperate",Sun,Loam,Well drained,Low,https://upload.wikimedia.org/wikipedia/commons/3/34/Sannantha_virgata_kz03.jpg
607,BABMIN,Sannantha virgata 'Miniature',Mini Twiggy Heath Myrtle,Shrub,900 to 1400mm,"Humid Tropical,Dry Tropical,Humid Subtropical,Dry Subtropical,Temperate",Sun,Loam,Well drained,Low,https://upload.wikimedia.org/wikipedia/commons/3/34/Sannantha_virgata_kz03.jpg
608,BAESWE,Sannantha bidwillii 'Sweet Midget',Midget Twiggy Heath Myrtle,Shrub,900 to 1400mm,"Humid Tropical,Dry Tropical,Humid Subtropical,Dry Subtropical,Temperate",Sun,Loam,Well drained,Low,https://upload.wikimedia.org/wikipedia/commons/0/08/Sannantha_virgata_kz01.jpg
609,BAEVIR,Sannantha bidwillii,Twiggy Heath Myrtle,Shrub,900 to 1400mm,"Humid Tropical,Dry Tropical,Humid Subtropical,Dry Subtropical,Temperate",Sun,Loam,Well drained,Low,https://upload.wikimedia.org/wikipedia/commons/c/ca/Sannantha_bidwillii_Fagg.jpg
618,BAEMTT,Sannantha tozerensis,Mt Tozer Baeckea,Shrub,900 to 1400mm,"Humid Tropical,Dry Tropical,Humid Subtropical,Dry Subtropical,Temperate",Sun,Loam,Well drained,Low,https://upload.wikimedia.org/wikipedia/commons/4/45/Sannantha_tozerensis.jpg
640,BANERI,Banksia ericifolia,Heath Banksia,Shrub,600 to 900mm,"Humid Subtropical,Dry Subtropical,Temperate",Sun,"Sand,Loam","Intolerant of phosphorous,Well drained",Low,https://upload.wikimedia.org/wikipedia/commons/2/25/Banksia_ericifolia_cult_email.jpg
641,BANGOL,Banksia 'Golden Candles',Golden Candles Banksia,Shrub,600 to 900mm,"Humid Subtropical,Dry Subtropical,Temperate",Sun,"Sand,Loam","Intolerant of phosphorous,Well drained",Low,https://upload.wikimedia.org/wikipedia/commons/5/5f/Banksia_in_the_Blue_Mountains.jpg
643,BANROB,Banksia robur,Wallum Banksia,Shrub,900 to 1400mm,"Humid Subtropical,Dry Subtropical,Temperate",Sun,"Sand,Loam","Intolerant of phosphorous,Well drained",Low,https://upload.wikimedia.org/wikipedia/commons/c/ce/Banksia_robur_inflorescence_Pacific_Highway_Palm_Beach_Gold_Coast_Queensland_1980s_IMG_0101.jpg
644,BANSER,Banksia serrata,Saw Banksia,Shrub,600 to 900mm,"Humid Subtropical,Dry Subtropical,Temperate",Sun,"Sand,Loam","Intolerant of phosphorous,Well drained",Low,https://upload.wikimedia.org/wikipedia/commons/thumb/a/a9/Banksia_serrata_flower.JPG/640px-Banksia_serrata_flower.JPG
645,BANCOL,Banksia spinulosa var. collina,Hill Banksia,Shrub,900 to 1400mm,"Humid Subtropical,Dry Subtropical,Temperate",Sun,"Sand,Loam","Intolerant of phosphorous,Well drained",Low,https://upload.wikimedia.org/wikipedia/commons/2/22/Banksia_spinulosa_collina_Carnarvon_Gold.jpg
665,BAURUB,Bauera rubioides,Wiry Dog Rose,Shrub,900 to 1400mm,"Humid Tropical,Humid Subtropical",Sun,Loam,Well drained,Medium,https://upload.wikimedia.org/wikipedia/commons/e/ec/Bauera_rubioides_kz02.jpg
759,BORHET,Boronia heterophylla,Red Boronia,Shrub,1400 to 2000mm,Temperate,Sun,"Sand,Loam",Intolerant of phosphorous,Medium,https://upload.wikimedia.org/wikipedia/commons/9/9e/Boronia_heterophylla_kz01.jpg
850,BREOBL,Breynia oblongifolia,Coffee Bush,Shrub,600 to 900mm,"Humid Subtropical,Dry Subtropical",Sun,"Sand,Loam,Clay",Well drained,Low,https://upload.wikimedia.org/wikipedia/commons/b/bf/Breynia_oblongifolia_foliage.jpg
851,BREIRO,Breynia sp. 'Iron Range',Red Breynia,Shrub,900 to 1400mm,"Humid Subtropical,Dry Subtropical",Sun,Loam,Well drained,Low,https://upload.wikimedia.org/wikipedia/commons/7/78/Breynia_Cernua_%28Iron_range%2C_Red_Coffee_Bush%29_%2828771199302%29.jpg
984,CALPED,Callicarpa pedunculata,Velvet Leaf,Shrub,1400 to 2000mm,"Humid Subtropical,Dry Subtropical,Temperate","Sun,Semi-shade",Loam,,Medium,https://upload.wikimedia.org/wikipedia/commons/f/f5/Callicarpa_pedunculata_fruits.jpg
987,CALEUR,Melaleuca 'Eureka',Bottlebrush,Shrub,900 to 1400mm,"Humid Subtropical,Dry Subtropical,Temperate",Sun,"Sand,Loam,Clay",Tolerant of poor drainage,Low,https://upload.wikimedia.org/wikipedia/commons/f/f2/Melaleuca_Scarlett_OHara_6zz.jpg
988,CALBOO,Melaleuca 'Booroondah Station',Bottlebrush,Shrub,900 to 1400mm,"Humid Subtropical,Dry Subtropical,Temperate",Sun,"Sand,Loam,Clay",Tolerant of poor drainage,Low,https://upload.wikimedia.org/wikipedia/commons/7/7b/Red_bottlebrush_%28Melaleuca_citrina%29_in_Mexico.jpg
989,CALCIT,Melaleuca citrinus,Bottlebrush,Shrub,900 to 1400mm,"Humid Subtropical,Dry Subtropical,Temperate",Sun,"Sand,Loam,Clay",Tolerant of poor drainage,Low,https://upload.wikimedia.org/wikipedia/commons/8/84/Melaleuca_viminalis_by_Prahlad_balaji.jpg
990,CALEND,Melaleuca citrinus 'Endeavour',Endeavour Bottlebrush,Shrub,900 to 1400mm,"Humid Subtropical,Dry Subtropical,Temperate",Sun,"Sand,Loam,Clay",Tolerant of poor drainage,Low,https://upload.wikimedia.org/wikipedia/commons/f/f2/Melaleuca_Scarlett_OHara_6zz.jpg
991,CALKIN,Melaleuca 'Kings Park Special',Kings Park Bottlebrush,Shrub,900 to 1400mm,"Humid Subtropical,Dry Subtropical,Temperate",Sun,"Sand,Loam,Clay",Tolerant of poor drainage,Low,https://upload.wikimedia.org/wikipedia/commons/0/0d/170411_606_Encinitas_-_San_Diego_Botanic_Gdn%2C_Australian_Gdn%2C_Callistemon_%27Kings_Park_Special%27_Hybrid_Bottlebrush_Tree_%2834425688912%29.jpg
992,CALPAC,Melaleuca pachyphyllus,Wallum Bottlebrush,Shrub,900 to 1400mm,"Humid Subtropical,Dry Subtropical,Temperate",Sun,"Sand,Loam,Clay",Tolerant of poor drainage,Low,https://upload.wikimedia.org/wikipedia/commons/5/5d/Wallum_Bottlebrush._%5E_Callistemon_pachyphyllus._Myrtaceae_-_Flickr_-_gailhampshire.jpg
993,CALPOL,Melaleuca polandii,Red and Yellow Bottlebrush,Shrub,900 to 1400mm,"Humid Subtropical,Dry Subtropical,Temperate",Sun,"Sand,Loam,Clay",Tolerant of poor drainage,Low,https://upload.wikimedia.org/wikipedia/commons/e/e2/Gardenology.org-IMG_4853_hunt0904.jpg
994,CALRED,Melaleuca 'Red Anzac',Red Anzac Bottlebrush,Shrub,900 to 1400mm,"Humid Subtropical,Dry Subtropical,Temperate",Sun,"Sand,Loam,Clay",Tolerant of poor drainage,Low,https://upload.wikimedia.org/wikipedia/commons/e/e2/Gardenology.org-IMG_4853_hunt0904.jpg
995,CALSAL,Melaleuca salignus,White Bottlebrush,Shrub,900 to 1400mm,"Humid Subtropical,Dry Subtropical,Temperate",Sun,"Sand,Loam,Clay",Tolerant of poor drainage,Low,https://upload.wikimedia.org/wikipedia/commons/9/92/Callistemon_salignus_White_Bottlebrush_%E1%83%97%E1%83%94%E1%83%97%E1%83%A0%E1%83%98_%E1%83%99%E1%83%90%E1%83%9A%E1%83%98%E1%83%A1%E1%83%A2%E1%83%94%E1%83%9B%E1%83%9D%E1%83%9C%E1%83%98.JPG
996,CALVIM,Melaleuca viminalis,Weeping Bottlebrush,Shrub,900 to 1400mm,"Humid Subtropical,Dry Subtropical,Temperate",Sun,"Sand,Loam,Clay",Tolerant of poor drainage,Low,https://upload.wikimedia.org/wikipedia/commons/d/d3/Callistemon-viminalis.jpg
997,CALCAP,Melaleuca viminalis 'Captain Cook',Captain Cook Bottlebrush,Shrub,900 to 1400mm,"Humid Subtropical,Dry Subtropical,Temperate",Sun,"Sand,Loam,Clay",Tolerant of poor drainage,Low,https://upload.wikimedia.org/wikipedia/commons/e/e2/Gardenology.org-IMG_4853_hunt0904.jpg
998,CALDAW,Melaleuca viminalis 'Dawson River',Dawson River Bottlebrush,Shrub,900 to 1400mm,"Humid Subtropical,Dry Subtropical,Temperate",Sun,"Sand,Loam,Clay",Tolerant of poor drainage,Low,https://upload.wikimedia.org/wikipedia/commons/d/d3/Callistemon-viminalis.jpg
999,CALLIT,Melaleuca viminalis 'Little John',Little John Bottlebrush,Shrub,900 to 1400mm,"Humid Subtropical,Dry Subtropical,Temperate",Sun,"Sand,Loam,Clay",Tolerant of poor drainage,Low,https://upload.wikimedia.org/wikipedia/commons/8/8e/Callistemon_--_Dwarf_Bottlebrush_or_Little_John.jpg
1000,CALROP,Melaleuca viminalis 'Rose Opal',Rose Opal Bottlebrush,Shrub,900 to 1400mm,"Humid Subtropical,Dry Subtropical,Temperate",Sun,"Sand,Loam,Clay",Tolerant of poor drainage,Low,https://upload.wikimedia.org/wikipedia/commons/e/e2/Gardenology.org-IMG_4853_hunt0904.jpg
1001,CALWHI,Melaleuca 'White Anzac',White Anzac Bottlebrush,Shrub,900 to 1400mm,"Humid Subtropical,Dry Subtropical,Temperate",Sun,"Sand,Loam,Clay",Tolerant of poor drainage,Low,https://upload.wikimedia.org/wikipedia/commons/f/f9/Melaleuca_polandii.JPG
1006,LEUBRO,Leucophyta brownii,Siver Threads,Shrub,600 to 900mm,"Dry Subtropical,Temperate",Sun,"Sand,Loam",Well drained,Low,https://upload.wikimedia.org/wikipedia/commons/5/54/%E8%8A%8D%E8%97%A5-%E9%8A%80%E7%B7%9A%E7%B4%85_Paeonia_lactiflora_%27Siver_Thread_Red%27_-%E7%80%8B%E9%99%BD%E6%A4%8D%E7%89%A9%E5%9C%92_Shenyang_Botanical_Garden%2C_China-_%2812403892053%29.jpg
1042,CAPLUC,Capparis lucida,Native Caper Bush,Shrub,900 to 1400mm,"Humid Tropical,Dry Tropical,Humid Subtropical,Dry Subtropical,Temperate",Sun,"Sand,Loam",,Medium,https://upload.wikimedia.org/wikipedia/commons/0/03/Maastodi_%28Marathi-_%E0%A4%AE%E0%A4%BE%E0%A4%82%E0%A4%B8%E0%A4%A4%E0%A5%8B%E0%A4%A1%E0%A5%80%29_%284429416794%29.jpg
1043,CAPSAR,Capparis sarmentosa,Native Caper Bush,Shrub,900 to 1400mm,"Humid Tropical,Dry Tropical,Humid Subtropical,Dry Subtropical,Temperate","Sun,Semi-shade","Sand,Loam",,Medium,https://upload.wikimedia.org/wikipedia/commons/5/5e/Kantara_%28Marathi-_%E0%A4%95%E0%A4%BE%E0%A4%82%E0%A4%9F%E0%A4%BE%E0%A4%B0%E0%A4%BE%29_%282443285086%29.jpg
1046,CAPARB,Capparis arborea,Native Pomegranate,Shrub,300 to 600mm,"Humid Tropical,Dry Tropical,Humid Subtropical,Dry Subtropical,Temperate",Sun,"Sand,Loam",,Medium,https://upload.wikimedia.org/wikipedia/commons/0/04/Capparis_arborea_flower.jpg
1047,CAPMIC,Capparis micrantha,Cat's Whisker,Shrub,600 to 900mm,"Humid Tropical,Dry Tropical,Humid Subtropical,Dry Subtropical,Temperate",Sun,"Sand,Loam",,Medium,https://upload.wikimedia.org/wikipedia/commons/a/a9/Bat_Flower_or_Cat_Whiskers_%28Tacca_Chantrieri%29_%2849532732922%29.jpg
1070,CAROVA,Carissa ovata,Currant Bush,Shrub,600 to 900mm,"Humid Tropical,Dry Tropical,Humid Subtropical,Dry Subtropical,Temperate",Sun,"Sand,Loam",,Low,https://upload.wikimedia.org/wikipedia/commons/5/50/Carissa_ovata_flowers_and_foliage.jpg
1072,CARRET,Carmona retusa,Thai Box Plant,Shrub,1400 to 2000mm,"Humid Tropical,Humid Subtropical","Sun,Semi-shade",Loam,,Low,https://upload.wikimedia.org/wikipedia/commons/1/13/Carmona_retusa_%281355456161%29.jpg
1073,EHRMIC,Carmona retusa 'Variegata',Thai Box Plant,Shrub,1400 to 2000mm,"Humid Tropical,Humid Subtropical","Sun,Semi-shade",Loam,,Low,https://upload.wikimedia.org/wikipedia/commons/c/c1/Fukien_Tea_Tree_flower.jpg
1170,CHAUNI,Chamaeleucium uncinatum,Geralton Wax Flower,Shrub,600 to 900mm,"Dry Subtropical,Temperate",Sun,"Sand,Loam",,Medium,https://upload.wikimedia.org/wikipedia/commons/e/e5/Chamelaucium_uncinatum_1.jpg
1196,CHOCOR,Chorizema cordatum,Flame Pea,Shrub,600 to 900mm,Temperate,Sun,"Sand,Loam",,High,https://upload.wikimedia.org/wikipedia/commons/c/cd/Chorizema_cordatum_hh.jpg
1217,CITLIN,Pittosporum viscidum,Bird Nest Bush,Shrub,600 to 900mm,"Humid Tropical,Humid Subtropical","Sun,Semi-shade",Loam,,Medium,https://commons.wikimedia.org/wiki/File:Neottia_nidus-avis_buds_-_Keila.jpg
1218,CITPAU,Pittosporum multiflorum,Orange Thorn,Shrub,900 to 1400mm,"Humid Tropical,Humid Subtropical","Sun,Semi-shade",Loam,,Medium,https://upload.wikimedia.org/wikipedia/commons/f/fd/Pittosporum_multiflorum_Eastwood.JPG
1268,CLEFLO,Clerodendrum floribundum,Lolly Bush,Shrub,900 to 1400mm,"Humid Tropical,Dry Tropical,Humid Subtropical,Dry Subtropical,Temperate","Sun,Semi-shade",Loam,Well drained,Medium,https://upload.wikimedia.org/wikipedia/commons/e/e6/Clerodendrum_floribundum_PB031207_04.jpg
1271,CLEINE,Clerodendrum inerme,Native Glory Vine,Shrub,900 to 1400mm,"Humid Tropical,Dry Tropical,Humid Subtropical,Dry Subtropical,Temperate",Semi-shade,Loam,,Medium,https://upload.wikimedia.org/wikipedia/commons/3/3f/Clerodendrum_inerme%2C_AJT_Johnsingh.jpg
1309,CODVAR,Codiaeum variegatum,Croton,Shrub,600 to 900mm,"Humid Tropical,Dry Tropical,Humid Subtropical","Sun,Semi-shade","Sand,Loam,Clay",Well drained,Low,https://upload.wikimedia.org/wikipedia/commons/a/a8/Codiaeum_variegatum_31032014.jpg
1310,CODGOL,Codiaeum variegatum 'Golden Shower',Golden Shower Croton,Shrub,600 to 900mm,"Humid Tropical,Dry Tropical,Humid Subtropical","Sun,Semi-shade","Sand,Loam,Clay",Well drained,Low,https://upload.wikimedia.org/wikipedia/commons/f/fb/Croton_%28Codiaeum_variegatum%29%2C_jard%C3%ADn_bot%C3%A1nico_de_Tallinn%2C_Estonia%2C_2012-08-13%2C_DD_01.JPG
1311,CODNOR,Codiaeum variegatum 'Norma',Norma Croton,Shrub,600 to 900mm,"Humid Tropical,Dry Tropical,Humid Subtropical","Sun,Semi-shade","Sand,Loam,Clay",Well drained,Low,https://upload.wikimedia.org/wikipedia/commons/0/06/Codiaeum_variegatum_var._pictum_Norma_1zz.jpg
1312,CODAUC,Codiaeum variegatum 'Aucubifolium',Gold Spot Croton,Shrub,600 to 900mm,"Humid Tropical,Dry Tropical,Humid Subtropical","Sun,Semi-shade","Sand,Loam,Clay",Well drained,Low,https://upload.wikimedia.org/wikipedia/commons/f/fb/Croton_%28Codiaeum_variegatum%29%2C_jard%C3%ADn_bot%C3%A1nico_de_Tallinn%2C_Estonia%2C_2012-08-13%2C_DD_01.JPG
1313,CODCAP,Codiaeum variegatum 'Captain Kidd',Red Spot Croton,Shrub,600 to 900mm,"Humid Tropical,Dry Tropical,Humid Subtropical","Sun,Semi-shade","Sand,Loam,Clay",Well drained,Low,https://upload.wikimedia.org/wikipedia/commons/2/2c/Codiaeum_variegatum_42zz.jpg
1314,CODCAR,Codiaeum variegatum 'Carnival Jack',Carnival Jack Croton,Shrub,600 to 900mm,"Humid Tropical,Dry Tropical,Humid Subtropical","Sun,Semi-shade","Sand,Loam,Clay",Well drained,Low,https://upload.wikimedia.org/wikipedia/commons/d/d7/Codiaeum_variegatum_49zz.jpg
1315,CODCON,Codiaeum variegatum 'Congo',Congo Croton,Shrub,600 to 900mm,"Humid Tropical,Dry Tropical,Humid Subtropical","Sun,Semi-shade","Sand,Loam,Clay",Well drained,Low,https://upload.wikimedia.org/wikipedia/commons/e/e9/Codiaeum_variegatum_10zz.jpg
1316,CODEUR,Codiaeum variegatum 'Eura',Croton,Shrub,600 to 900mm,"Humid Tropical,Dry Tropical,Humid Subtropical","Sun,Semi-shade","Sand,Loam,Clay",Well drained,Low,https://upload.wikimedia.org/wikipedia/commons/a/a8/Codiaeum_variegatum_31032014.jpg
1317,CODEXC,Codiaeum variegatum 'Excellent',Croton,Shrub,600 to 900mm,"Humid Tropical,Dry Tropical,Humid Subtropical","Sun,Semi-shade","Sand,Loam,Clay",Well drained,Low,https://upload.wikimedia.org/wikipedia/commons/f/fb/Croton_%28Codiaeum_variegatum%29%2C_jard%C3%ADn_bot%C3%A1nico_de_Tallinn%2C_Estonia%2C_2012-08-13%2C_DD_01.JPG
1318,CODGOD,Codiaeum variegatum 'Gold Dust',Croton,Shrub,600 to 900mm,"Humid Tropical,Dry Tropical,Humid Subtropical","Sun,Semi-shade","Sand,Loam,Clay",Well drained,Low,https://upload.wikimedia.org/wikipedia/commons/6/62/Codiaeum_variegatum_36zz.jpg
1319,CODMAM,Codiaeum variegatum 'Mammy',Mammy Croton,Shrub,600 to 900mm,"Humid Tropical,Dry Tropical,Humid Subtropical","Sun,Semi-shade","Sand,Loam,Clay",Well drained,Low,https://upload.wikimedia.org/wikipedia/commons/5/5a/Codiaeum_variegatum_35zz.jpg
1320,CODPET,Codiaeum variegatum 'Petra',Croton,Shrub,600 to 900mm,"Humid Tropical,Dry Tropical,Humid Subtropical","Sun,Semi-shade","Sand,Loam,Clay",Well drained,Low,https://upload.wikimedia.org/wikipedia/commons/b/ba/Codiaeum_variegatum_39zz.jpg
1321,CODRIN,Codiaeum variegatum 'Rina',Croton,Shrub,600 to 900mm,"Humid Tropical,Dry Tropical,Humid Subtropical","Sun,Semi-shade","Sand,Loam,Clay",Well drained,Low,https://upload.wikimedia.org/wikipedia/commons/7/75/Codiaeum_variegatum_56zz.jpg
1322,CODSUN,Codiaeum variegatum 'Sunny Star',Croton,Shrub,600 to 900mm,"Humid Tropical,Dry Tropical,Humid Subtropical","Sun,Semi-shade","Sand,Loam,Clay",Well drained,Low,https://upload.wikimedia.org/wikipedia/commons/9/95/Codiaeum_variegatum%2C_Phipps_Conservatory.jpg
1323,CODZAN,Codiaeum variegatum 'Zanzibar',Croton,Shrub,600 to 900mm,"Humid Tropical,Dry Tropical,Humid Subtropical","Sun,Semi-shade","Sand,Loam,Clay",Well drained,Low,https://upload.wikimedia.org/wikipedia/commons/f/f5/Codiaeum_variegatum_var._pictum_Norma_2zz.jpg
1324,CODMRS,Codieaum variegatum 'Mrs Iceton',Autumn-leaf Croton,Shrub,600 to 900mm,"Humid Tropical,Dry Tropical,Humid Subtropical","Sun,Semi-shade","Sand,Loam,Clay",Well drained,Low,https://upload.wikimedia.org/wikipedia/commons/f/f5/Codiaeum_variegatum_pictum_kz1.jpg
1375,CORCAN,Cordyline cannifolia,Palm Lily,Shrub,900 to 1400mm,"Humid Tropical,Humid Subtropical",Semi-shade,"Sand,Loam,Clay",,Medium,https://upload.wikimedia.org/wikipedia/commons/3/3f/Cordyline_cannifolia_%28tanetahi%29_001.jpg
1376,CORCON,Cordyline congesta,Native Cordyline,Shrub,900 to 1400mm,"Humid Tropical,Humid Subtropical,Temperate",Semi-shade,"Sand,Loam,Clay",Well drained,Medium,https://upload.wikimedia.org/wikipedia/commons/d/d4/Cordyline_congesta_RGB_Sydney.jpg
1377,CORFRU,Cordyline fruticosa,Ti Plant,Shrub,1400 to 2000mm,"Humid Tropical,Humid Subtropical",Semi-shade,"Sand,Loam,Clay",Well drained,Medium,https://upload.wikimedia.org/wikipedia/commons/4/4a/Cordyline_fruticosa_-_Hawaiian_Ti_Plant_at_Wayanad_2019_%283%29.jpg
1378,CORHAW,Cordyline fruticosa 'Hawaiian Flag',Hawaiian Flag Ti,Shrub,1400 to 2000mm,"Humid Tropical,Humid Subtropical",Semi-shade,"Sand,Loam,Clay",Well drained,Medium,https://upload.wikimedia.org/wikipedia/commons/9/9b/Cordyline_fruticosa_kz3.JPG
1379,CORIND,Cordyline fruticosa 'Indian Blanket',Indian Blanket Ti,Shrub,1400 to 2000mm,"Humid Tropical,Humid Subtropical",Semi-shade,"Sand,Loam,Clay",Well drained,Medium,https://upload.wikimedia.org/wikipedia/commons/5/5f/Cordyline_fruticosa_Glauca_2zz.jpg
1380,CORNIG,Cordyline fruticosa 'Nigra',Mt Hagen Black Ti,Shrub,900 to 1400mm,"Humid Tropical,Humid Subtropical",Semi-shade,"Sand,Loam,Clay",Well drained,Medium,https://upload.wikimedia.org/wikipedia/commons/3/3f/Starr_021212-0007_Cordyline_fruticosa.jpg
1381,CORFIR,Cordyline fruticosa 'Fire Fountain',Fire FountainTi,Shrub,900 to 1400mm,"Humid Tropical,Humid Subtropical",Semi-shade,"Sand,Loam,Clay",Well drained,Medium,https://upload.wikimedia.org/wikipedia/commons/5/5f/Starr-080328-3932-Cordyline_fruticosa-habit-Makawao-Maui_%2824611244660%29.jpg
1382,CORPIN,Cordyline fruticosa 'Pink Diamond',Pink Diamond Ti,Shrub,900 to 1400mm,"Humid Tropical,Humid Subtropical","Sun,Semi-shade","Sand,Loam,Clay",Well drained,Medium,https://upload.wikimedia.org/wikipedia/commons/f/f4/Cordyline_fruticosa_-_Feb_2011.jpg
1383,CORPIP,Cordyline fruticosa 'Pink Parfait',Pink Parfait Ti,Shrub,900 to 1400mm,"Humid Tropical,Humid Subtropical","Sun,Semi-shade","Sand,Loam,Clay",Well drained,Medium,https://upload.wikimedia.org/wikipedia/commons/9/95/Starr-060916-8964-Cordyline_fruticosa-leaf_bases-Makawao-Maui_%2824497816139%29.jpg
1384,CORROO,Cordyline fruticosa 'Rooster Tail',Roostertail Ti,Shrub,900 to 1400mm,"Humid Tropical,Humid Subtropical","Sun,Semi-shade","Sand,Loam,Clay",Well drained,Medium,https://upload.wikimedia.org/wikipedia/commons/3/35/Ti_plant_%28Cordyline_fruticosa%29_Buton_Island.jpg
1385,CORTRI,Cordyline fruticosa 'Tricolor',Tricolor Ti,Shrub,1400 to 2000mm,"Humid Tropical,Humid Subtropical",Semi-shade,"Sand,Loam,Clay",Well drained,Medium,https://upload.wikimedia.org/wikipedia/commons/6/63/Starr-060928-0423-Cordyline_fruticosa-habit-County_Nursery_Kahului-Maui_%2824866461495%29.jpg
1386,CORWIL,Cordyline fruticosa 'Will I's Gold',Willi's Gold Ti,Shrub,1400 to 2000mm,"Humid Tropical,Humid Subtropical",Semi-shade,"Sand,Loam,Clay",Well drained,Medium,https://upload.wikimedia.org/wikipedia/commons/7/76/Starr-080328-3930-Cordyline_fruticosa-habit-Makawao-Maui_%2824788782242%29.jpg
1387,CORALB,Cordyline fruticosa 'Alba-rosea',Ti Plant,Shrub,900 to 1400mm,"Humid Tropical,Humid Subtropical","Sun,Semi-shade","Sand,Loam,Clay",Well drained,Medium,https://upload.wikimedia.org/wikipedia/commons/e/eb/Cordyline_fruticosa%2C_flower.jpg
1388,CORCAM,Cordyline fruticosa 'Cameroon',Ti Plant,Shrub,900 to 1400mm,"Humid Tropical,Humid Subtropical","Sun,Semi-shade","Sand,Loam,Clay",Well drained,Medium,https://upload.wikimedia.org/wikipedia/commons/4/4f/Starr-060916-8977-Cordyline_fruticosa-red_leaves-Makawao-Maui_%2824747533682%29.jpg
1389,CORAMA,Cordyline fruticosa 'Amanda's Choice',Amanda's Choice Ti,Shrub,900 to 1400mm,"Humid Tropical,Humid Subtropical","Sun,Semi-shade","Sand,Loam,Clay",Well drained,Medium,https://upload.wikimedia.org/wikipedia/commons/5/5b/Starr-060916-8969-Cordyline_fruticosa-small_red_form-Makawao-Maui_%2824771990311%29.jpg
1390,CORCOM,Cordyline fruticosa 'Compacta',Ti Plant,Shrub,900 to 1400mm,"Humid Tropical,Humid Subtropical","Sun,Semi-shade","Sand,Loam,Clay",Well drained,Medium,https://upload.wikimedia.org/wikipedia/commons/9/92/Starr-010420-0118-Cordyline_fruticosa-red_leaves-Kahului-Maui_%2824236786800%29.jpg
1391,CORJOH,Cordyline fruticosa 'John Cummings',Orange Ti,Shrub,1400 to 2000mm,"Humid Tropical,Humid Subtropical",Semi-shade,"Sand,Loam,Clay",Well drained,Medium,https://upload.wikimedia.org/wikipedia/commons/2/2e/Starr-130411-4000-Cordyline_fruticosa-habit_red_green_stripes-Pololei_Haiku-Maui_%2825210056295%29.jpg
1392,CORKAT,Cordyline fruticosa 'Katherine',Ti Plant,Shrub,1400 to 2000mm,"Humid Tropical,Humid Subtropical",Semi-shade,"Sand,Loam,Clay",Well drained,Medium,https://upload.wikimedia.org/wikipedia/commons/6/61/Hawaiian_Ti_Plant_--_Cordyline_fruticosa.jpg
1393,CORKIL,Cordyline fruticosa 'Kilauea',Ti Plant,Shrub,1400 to 2000mm,"Humid Tropical,Humid Subtropical",Semi-shade,"Sand,Loam,Clay",Well drained,Medium,https://upload.wikimedia.org/wikipedia/commons/6/6c/Cordyline_fruticosa_%27Exotica%27.jpg
1394,CORKIW,Cordyline fruticosa 'Kiwi',Ti Plant,Shrub,1400 to 2000mm,"Humid Tropical,Humid Subtropical",Semi-shade,"Sand,Loam,Clay",Well drained,Medium,https://upload.wikimedia.org/wikipedia/commons/9/94/Starr-060928-0444-Cordyline_fruticosa-habit-County_Nursery_Kahului-Maui_%2824748608782%29.jpg
1395,CORMAI,Cordyline fruticosa 'Maize',Ti Plant,Shrub,900 to 1400mm,"Humid Tropical,Humid Subtropical","Sun,Semi-shade","Sand,Loam,Clay",Well drained,Medium,https://upload.wikimedia.org/wikipedia/commons/c/c4/Starr-070302-4944-Cordyline_fruticosa-red_and_green_swirled_leaves-Pukalani-Maui_%2824883441665%29.jpg
1396,CORMAR,Cordyline fruticosa 'Margaret Storey',Ti Plant,Shrub,1400 to 2000mm,"Humid Tropical,Humid Subtropical",Semi-shade,"Sand,Loam,Clay",Well drained,Medium,https://upload.wikimedia.org/wikipedia/commons/f/fd/Starr-060928-0422-Cordyline_fruticosa-red_leaves-County_Nursery_Kahului-Maui_%2824773046691%29.jpg
1397,CORMAU,Cordyline fruticosa 'Mauna Kea Snow',Ti Plant,Shrub,1400 to 2000mm,"Humid Tropical,Humid Subtropical",Semi-shade,"Sand,Loam,Clay",Well drained,Medium,https://upload.wikimedia.org/wikipedia/commons/c/c2/Starr-060916-8972-Cordyline_fruticosa-red_and_green_leaves-Makawao-Maui_%2824237256924%29.jpg
1398,CORMIN,Cordyline fruticosa 'Mini Mountain Fire',Ti Plant,Shrub,1400 to 2000mm,"Humid Tropical,Humid Subtropical",Semi-shade,"Sand,Loam,Clay",Well drained,Medium,https://upload.wikimedia.org/wikipedia/commons/3/3c/Starr-060916-8973-Cordyline_fruticosa-red_and_green_leaves-Makawao-Maui_%2824839153986%29.jpg
1399,CORMIS,Cordyline fruticosa 'Miss Andrea',Ti Plant,Shrub,1400 to 2000mm,"Humid Tropical,Humid Subtropical",Semi-shade,"Sand,Loam,Clay",Well drained,Medium,https://upload.wikimedia.org/wikipedia/commons/f/f3/Starr-060916-8975-Cordyline_fruticosa-red_and_green_leaves-Makawao-Maui_%2824839156976%29.jpg
1400,CORNEG,Cordyline fruticosa 'Negra',Black Ti Plant,Shrub,1400 to 2000mm,"Humid Tropical,Humid Subtropical",Semi-shade,"Sand,Loam,Clay",Well drained,Medium,https://upload.wikimedia.org/wikipedia/commons/a/a9/Starr-080117-1780-Cordyline_fruticosa-habit-Walmart_Kahului-Maui_%2824272809704%29.jpg
1401,CORPEG,Cordyline fruticosa 'Peggy Garland',Ti Plant,Shrub,1400 to 2000mm,"Humid Tropical,Humid Subtropical",Semi-shade,"Sand,Loam,Clay",Well drained,Medium,https://upload.wikimedia.org/wikipedia/commons/4/40/Starr_041022-0007_Cordyline_fruticosa.jpg
1402,CORPEL,Cordyline fruticosa 'Pele's Smoke',Ti Plant,Shrub,1400 to 2000mm,"Humid Tropical,Humid Subtropical","Sun,Semi-shade","Sand,Loam,Clay",Well drained,Medium,https://upload.wikimedia.org/wikipedia/commons/2/2f/Starr-110124-0173-Cordyline_fruticosa-habit-Sacred_Garden_of_Maliko-Maui_%2825072573495%29.jpg
1403,CORPEB,Cordyline fruticosa 'Peter Buck',Ti Plant,Shrub,1400 to 2000mm,"Humid Tropical,Humid Subtropical",Semi-shade,"Sand,Loam,Clay",Well drained,Medium,https://upload.wikimedia.org/wikipedia/commons/0/01/Starr-070302-4948-Cordyline_fruticosa-red_and_green_swirled_leaves-Pukalani-Maui_%2824883450185%29.jpg
1404,CORPUR,Cordyline fruticosa 'Purple Prince',Ti Plant,Shrub,1400 to 2000mm,"Humid Tropical,Humid Subtropical",Semi-shade,"Sand,Loam,Clay",Well drained,Medium,https://upload.wikimedia.org/wikipedia/commons/f/f6/Starr-110215-1146-Cordyline_fruticosa-habit-KiHana_Nursery_Kihei-Maui_%2825049367616%29.jpg
1405,CORFLA,Cordyline fruticosa 'Flamenco Dancer',Flamenco Dancer Ti Plant,Shrub,900 to 1400mm,"Humid Tropical,Humid Subtropical","Sun,Semi-shade","Sand,Loam,Clay",Well drained,Medium,https://upload.wikimedia.org/wikipedia/commons/9/97/Cordyline_fruticosa_%285433366154%29.jpg
1406,CORRUR,Cordyline fruticosa 'Rubra',Red Ti Plant,Shrub,900 to 1400mm,"Humid Tropical,Humid Subtropical","Sun,Semi-shade","Sand,Loam,Clay",Well drained,Medium,https://upload.wikimedia.org/wikipedia/commons/8/8b/Starr-061128-1606-Cordyline_fruticosa-habit_red_leaves-West_Kuiaha_Rd_Haiku-Maui_%2824775836931%29.jpg
1407,CORINF,Cordyline fruticosa 'Inferno',Inferno Ti,Shrub,900 to 1400mm,"Humid Tropical,Humid Subtropical","Sun,Semi-shade","Sand,Loam,Clay",Well drained,Medium,https://upload.wikimedia.org/wikipedia/commons/e/e4/Starr-110209-0859-Cordyline_fruticosa-leaves-Resort_Management_Group_Nursery_Kihei-Maui_%2825049172976%29.jpg
1408,CORSCH,Cordyline fruticosa 'Schubertii',Ti Plant,Shrub,900 to 1400mm,"Humid Tropical,Humid Subtropical","Sun,Semi-shade","Sand,Loam,Clay",Well drained,Medium,https://upload.wikimedia.org/wikipedia/commons/d/d7/Starr-110330-4132-Cordyline_fruticosa-red_habit-Garden_of_Eden_Keanae-Maui_%2825054942986%29.jpg
1409,CORSON,Cordyline fruticosa 'Sonny Mathews',Ti Plant,Shrub,1400 to 2000mm,"Humid Tropical,Humid Subtropical",Semi-shade,"Sand,Loam,Clay",Well drained,Medium,https://upload.wikimedia.org/wikipedia/commons/6/60/Cordyline_fruticosa%2C_Kowloon_City%2C_Hong_Kong.jpg
1410,CORGLA,Cordyline glauca,Brazilian Cordyline,Shrub,900 to 1400mm,"Humid Tropical,Humid Subtropical","Sun,Semi-shade","Sand,Loam,Clay",Well drained,Medium,https://upload.wikimedia.org/wikipedia/commons/8/82/Cordyline_fruticosa_Glauca_0zz.jpg
1411,CORJOY,Cordyline glauca 'Pink Joy',Brazilian Cordyline,Shrub,900 to 1400mm,"Humid Tropical,Humid Subtropical","Sun,Semi-shade","Sand,Loam,Clay",Well drained,Medium,https://upload.wikimedia.org/wikipedia/commons/a/a8/Cordyline_fruticosa_Glauca_1zz.jpg
1412,CORMAN,Cordyline manners-suttoniae,Dwarf Cordyline,Shrub,900 to 1400mm,"Humid Tropical,Humid Subtropical",Semi-shade,"Sand,Loam,Clay",Well drained,Medium,https://upload.wikimedia.org/wikipedia/commons/6/66/Cordyline-manners-suttoniae-SF24038-03.jpg
1413,CORPET,Cordyline petiolaris,Broad Leaf Palm Lily,Shrub,900 to 1400mm,"Humid Tropical,Humid Subtropical",Semi-shade,"Sand,Loam,Clay",Well drained,Medium,https://upload.wikimedia.org/wikipedia/commons/1/1a/Cordyline_petiolaris_%28Domin%29_Pedley_%28AM_AK312892-3%29.jpg
1414,CORSTR,Cordyline stricta,Narrow Leaf Ti,Shrub,900 to 1400mm,"Humid Tropical,Humid Subtropical,Temperate","Sun,Semi-shade","Sand,Loam,Clay",Well drained,Medium,https://upload.wikimedia.org/wikipedia/commons/3/3a/Cordyline_stricta_Grocal1.jpg
1503,CROEXA,Crowea exalata,Crowea,Shrub,600 to 900mm,"Dry Subtropical,Temperate",Sun,"Sand,Loam",Well drained,Medium,https://upload.wikimedia.org/wikipedia/commons/0/0a/Crowea_exalata.jpg
